code,name,type,parent_code,statement,section,report_line,normal_balance,is_contra,contra_to,is_control,subledger,posting_allowed,tags,status,effective_from,effective_to
1000,Bank - Main,Asset,,BS,Current Assets,Cash and cash equivalents,DR,FALSE,,FALSE,,TRUE,cash,active,2025-12-17,
1001,Bank - Savings,Asset,,BS,Current Assets,Cash and cash equivalents,DR,FALSE,,FALSE,,TRUE,cash,active,2025-12-17,
1002,Bank - Foreign Currency,Asset,,BS,Current Assets,Cash and cash equivalents,DR,FALSE,,FALSE,,TRUE,"cash,fx",active,2025-12-17,
1003,Bank - Secondary / Revolut / Wise,Asset,,BS,Current Assets,Cash and cash equivalents,DR,FALSE,,FALSE,,TRUE,cash,active,2025-12-17,
1010,Cash / Petty Cash,Asset,,BS,Current Assets,Cash and cash equivalents,DR,FALSE,,FALSE,,TRUE,,active,2025-12-17,
1020,Card Clearing,Asset,,BS,Current Assets,Cash and cash equivalents,DR,FALSE,,TRUE,CLEARING,FALSE,"clearing,clearing_control",active,2025-12-17,
1021,Stripe Clearing,Asset,1020,BS,Current Assets,Cash and cash equivalents,DR,FALSE,,TRUE,CLEARING,TRUE,"clearing,clearing_control",active,2025-12-17,
1022,PayPal Clearing,Asset,1020,BS,Current Assets,Cash and cash equivalents,DR,FALSE,,TRUE,CLEARING,TRUE,"clearing,clearing_control",active,2025-12-17,
1023,Amazon Settlement Clearing,Asset,1020,BS,Current Assets,Cash and cash equivalents,DR,FALSE,,TRUE,CLEARING,TRUE,"clearing,clearing_control",active,2025-12-17,
1030,Undeposited Funds,Asset,,BS,Current Assets,Cash and cash equivalents,DR,FALSE,,TRUE,CLEARING,TRUE,"clearing,clearing_control",active,2025-12-17,
1035,Payments in Transit / Bank Transfers Pending,Asset,,BS,Current Assets,Cash and cash equivalents,DR,FALSE,,TRUE,CLEARING,TRUE,"cash,clearing,clearing_control",active,2025-12-17,
1040,Short-term Deposits / Cash Equivalents,Asset,,BS,Current Assets,Cash and cash equivalents,DR,FALSE,,FALSE,,TRUE,,active,2025-12-17,
1050,Restricted Cash,Asset,,BS,Current Assets,Cash and cash equivalents,DR,FALSE,,FALSE,,TRUE,,active,2025-12-17,
1100,Accounts Receivable (Trade Debtors),Asset,,BS,Current Assets,Trade receivables,DR,FALSE,,TRUE,AR,TRUE,ar_control,active,2025-12-17,
1110,Bad Debt Provision,Asset,,BS,Current Assets,Other receivables,CR,TRUE,1100,FALSE,,TRUE,"bad_debt,provision",active,2025-12-17,
1120,Accrued Income / Unbilled Revenue,Asset,,BS,Current Assets,Prepayments and accrued income,DR,FALSE,,FALSE,,TRUE,accrual,active,2025-12-17,
1130,Contract Assets,Asset,,BS,Current Assets,Contract assets,DR,FALSE,,FALSE,,TRUE,contract_asset,active,2025-12-17,
1135,Retentions Receivable,Asset,,BS,Current Assets,Trade receivables,DR,FALSE,,FALSE,,TRUE,retention,active,2025-12-17,
1140,Other Receivables,Asset,,BS,Current Assets,Other receivables,DR,FALSE,,FALSE,,TRUE,,active,2025-12-17,
1145,Staff Advances / Loans,Asset,,BS,Current Assets,Other receivables,DR,FALSE,,FALSE,,TRUE,loan,active,2025-12-17,
1150,Prepaid Expenses - Insurance,Asset,,BS,Current Assets,Prepayments and accrued income,DR,FALSE,,FALSE,,TRUE,prepayment,active,2025-12-17,
1151,Prepaid Expenses - Rent,Asset,,BS,Current Assets,Prepayments and accrued income,DR,FALSE,,FALSE,,TRUE,prepayment,active,2025-12-17,
1152,Prepaid Expenses - Subscriptions,Asset,,BS,Current Assets,Prepayments and accrued income,DR,FALSE,,FALSE,,TRUE,prepayment,active,2025-12-17,
1200,VAT Receivable (Input VAT),Asset,,BS,Current Assets,Tax and VAT receivable,DR,FALSE,,TRUE,VAT,TRUE,"vat,vat_control",active,2025-12-17,
1205,VAT Recoverable - Imports (PVA),Asset,,BS,Current Assets,Tax and VAT receivable,DR,FALSE,,TRUE,VAT,TRUE,"import_vat,vat,vat_control",active,2025-12-17,
1206,VAT Recoverable - Reverse Charge,Asset,,BS,Current Assets,Tax and VAT receivable,DR,FALSE,,TRUE,VAT,TRUE,"reverse_charge,vat,vat_control",active,2025-12-17,
1210,VAT Deferred / Other VAT,Asset,,BS,Current Assets,Tax and VAT receivable,DR,FALSE,,TRUE,VAT,TRUE,"vat,vat_control",active,2025-12-17,
1300,Prepayments,Asset,,BS,Current Assets,Prepayments and accrued income,DR,FALSE,,FALSE,,TRUE,prepayment,active,2025-12-17,
1400,Inventory / Stock,Asset,,BS,Current Assets,Inventories,DR,FALSE,,FALSE,,FALSE,inventory,active,2025-12-17,
1401,Inventory - Raw Materials,Asset,1400,BS,Current Assets,Inventories,DR,FALSE,,FALSE,,TRUE,inventory,active,2025-12-17,
1402,Inventory - Work In Progress,Asset,1400,BS,Current Assets,Inventories,DR,FALSE,,FALSE,,TRUE,inventory,active,2025-12-17,
1403,Inventory - Finished Goods,Asset,1400,BS,Current Assets,Inventories,DR,FALSE,,FALSE,,TRUE,inventory,active,2025-12-17,
1404,Inventory - Stock in Transit,Asset,1400,BS,Current Assets,Inventories,DR,FALSE,,TRUE,CLEARING,TRUE,"clearing,clearing_control,inventory",active,2025-12-17,
1409,Inventory - Obsolescence Provision,Asset,1400,BS,Current Assets,Inventories,CR,TRUE,1400,FALSE,,TRUE,"inventory,provision",active,2025-12-17,
1500,Fixed Assets - Cost,Asset,,BS,Non-current Assets,"Property, plant and equipment",DR,FALSE,,FALSE,,FALSE,,active,2025-12-17,
1501,Plant & Machinery - Cost,Asset,1500,BS,Non-current Assets,"Property, plant and equipment",DR,FALSE,,FALSE,,TRUE,,active,2025-12-17,
1502,IT Equipment - Cost,Asset,1500,BS,Non-current Assets,"Property, plant and equipment",DR,FALSE,,FALSE,,TRUE,,active,2025-12-17,
1503,Vehicles - Cost,Asset,1500,BS,Non-current Assets,"Property, plant and equipment",DR,FALSE,,FALSE,,TRUE,,active,2025-12-17,
1504,Fixtures & Fittings - Cost,Asset,1500,BS,Non-current Assets,"Property, plant and equipment",DR,FALSE,,FALSE,,TRUE,,active,2025-12-17,
1505,Leasehold Improvements - Cost,Asset,1500,BS,Non-current Assets,"Property, plant and equipment",DR,FALSE,,FALSE,,TRUE,lease,active,2025-12-17,
1506,Tools & Equipment - Cost,Asset,1500,BS,Non-current Assets,"Property, plant and equipment",DR,FALSE,,FALSE,,TRUE,,active,2025-12-17,
1507,Office Equipment - Cost,Asset,1500,BS,Non-current Assets,"Property, plant and equipment",DR,FALSE,,FALSE,,TRUE,,active,2025-12-17,
1510,Fixed Assets - Accumulated Depreciation,Asset,,BS,Non-current Assets,"Property, plant and equipment",CR,TRUE,1500,FALSE,,FALSE,depreciation,active,2025-12-17,
1511,Plant & Machinery - Accumulated Depreciation,Asset,1510,BS,Non-current Assets,"Property, plant and equipment",CR,TRUE,1501,FALSE,,TRUE,depreciation,active,2025-12-17,
1512,IT Equipment - Accumulated Depreciation,Asset,1510,BS,Non-current Assets,"Property, plant and equipment",CR,TRUE,1502,FALSE,,TRUE,depreciation,active,2025-12-17,
1513,Vehicles - Accumulated Depreciation,Asset,1510,BS,Non-current Assets,"Property, plant and equipment",CR,TRUE,1503,FALSE,,TRUE,depreciation,active,2025-12-17,
1514,Fixtures & Fittings - Accumulated Depreciation,Asset,1510,BS,Non-current Assets,"Property, plant and equipment",CR,TRUE,1504,FALSE,,TRUE,depreciation,active,2025-12-17,
1515,Leasehold Improvements - Accumulated Depreciation,Asset,1510,BS,Non-current Assets,"Property, plant and equipment",CR,TRUE,1505,FALSE,,TRUE,"depreciation,lease",active,2025-12-17,
1516,Tools & Equipment - Accumulated Depreciation,Asset,1510,BS,Non-current Assets,"Property, plant and equipment",CR,TRUE,1506,FALSE,,TRUE,depreciation,active,2025-12-17,
1517,Office Equipment - Accumulated Depreciation,Asset,1510,BS,Non-current Assets,"Property, plant and equipment",CR,TRUE,1507,FALSE,,TRUE,depreciation,active,2025-12-17,
1520,Intangible Assets - Cost,Asset,,BS,Non-current Assets,Intangible assets,DR,FALSE,,FALSE,,FALSE,,active,2025-12-17,
1521,Software - Cost,Asset,1520,BS,Non-current Assets,Intangible assets,DR,FALSE,,FALSE,,TRUE,,active,2025-12-17,
1522,Website / Platform Development - Cost,Asset,1520,BS,Non-current Assets,Intangible assets,DR,FALSE,,FALSE,,TRUE,,active,2025-12-17,
1523,Patents / Trademarks - Cost,Asset,1520,BS,Non-current Assets,Intangible assets,DR,FALSE,,FALSE,,TRUE,,active,2025-12-17,
1530,Intangibles - Accumulated Amortisation,Asset,,BS,Non-current Assets,Intangible assets,CR,TRUE,1520,FALSE,,FALSE,amortisation,active,2025-12-17,
1531,Software - Accumulated Amortisation,Asset,1530,BS,Non-current Assets,Intangible assets,CR,TRUE,1521,FALSE,,TRUE,amortisation,active,2025-12-17,
1532,Website / Platform - Accumulated Amortisation,Asset,1530,BS,Non-current Assets,Intangible assets,CR,TRUE,1522,FALSE,,TRUE,amortisation,active,2025-12-17,
1533,Patents / Trademarks - Accumulated Amortisation,Asset,1530,BS,Non-current Assets,Intangible assets,CR,TRUE,1523,FALSE,,TRUE,amortisation,active,2025-12-17,
1540,Asset Disposal / Additions Clearing,Asset,,BS,Non-current Assets,"Property, plant and equipment",DR,FALSE,,TRUE,CLEARING,TRUE,"clearing,clearing_control",active,2025-12-17,
1550,Capital Work In Progress,Asset,,BS,Non-current Assets,"Property, plant and equipment",DR,FALSE,,FALSE,,TRUE,,active,2025-12-17,
1560,Right-of-Use Assets - Cost,Asset,,BS,Non-current Assets,"Property, plant and equipment",DR,FALSE,,FALSE,,FALSE,lease,active,2025-12-17,
1561,Right-of-Use Assets - Accumulated Depreciation,Asset,1560,BS,Non-current Assets,"Property, plant and equipment",CR,TRUE,1560,FALSE,,TRUE,"depreciation,lease",active,2025-12-17,
1570,Intangible Assets - Work In Progress,Asset,,BS,Non-current Assets,Intangible assets,DR,FALSE,,FALSE,,TRUE,,active,2025-12-17,
1600,Deposits Paid,Asset,,BS,Non-current Assets,"Property, plant and equipment",DR,FALSE,,FALSE,,TRUE,,active,2025-12-17,
1700,Intercompany Receivable,Asset,,BS,Current Assets,Amounts due from group undertakings,DR,FALSE,,FALSE,,TRUE,intercompany,active,2025-12-17,
1750,Deferred Tax Asset,Asset,,BS,Current Assets,Deferred tax,DR,FALSE,,FALSE,,TRUE,"deferred_tax,tax",active,2025-12-17,
1800,Director’s Loan (Debit),Asset,,BS,Current Assets,Other receivables,DR,FALSE,,FALSE,,TRUE,"director,loan",active,2025-12-17,
1900,Suspense / Clearing (Asset),Asset,,BS,Current Assets,Other receivables,DR,FALSE,,TRUE,CLEARING,TRUE,"clearing,clearing_control",active,2025-12-17,
2000,Accounts Payable (Trade Creditors),Liability,,BS,Current Liabilities,Trade payables,CR,FALSE,,TRUE,AP,TRUE,ap_control,active,2025-12-17,
2010,Accrued Expenses,Liability,,BS,Current Liabilities,Accruals and deferred income,CR,FALSE,,FALSE,,TRUE,accrual,active,2025-12-17,
2020,Deferred Income,Liability,,BS,Current Liabilities,Accruals and deferred income,CR,FALSE,,FALSE,,TRUE,,active,2025-12-17,
2030,Customer Deposits / Deferred Receipts,Liability,,BS,Current Liabilities,Accruals and deferred income,CR,FALSE,,FALSE,,TRUE,,active,2025-12-17,
2035,Refund Liability,Liability,,BS,Current Liabilities,Accruals and deferred income,CR,FALSE,,FALSE,,TRUE,,active,2025-12-17,
2040,GRNI / Accrued Purchases,Liability,,BS,Current Liabilities,Accruals and deferred income,CR,FALSE,,FALSE,,TRUE,"accrual,grni",active,2025-12-17,
2050,Wages Payable,Liability,,BS,Current Liabilities,Accruals and deferred income,CR,FALSE,,TRUE,PAYROLL,TRUE,"payroll,payroll_control",active,2025-12-17,
2055,Payroll Accrual,Liability,,BS,Current Liabilities,Accruals and deferred income,CR,FALSE,,TRUE,PAYROLL,TRUE,"accrual,payroll,payroll_control",active,2025-12-17,
2100,VAT Payable (Output VAT),Liability,,BS,Current Liabilities,Tax and VAT payable,CR,FALSE,,TRUE,VAT,TRUE,"vat,vat_control",active,2025-12-17,
2110,VAT Control / Net VAT,Liability,,BS,Current Liabilities,Tax and VAT payable,CR,FALSE,,TRUE,VAT,TRUE,"vat,vat_control",active,2025-12-17,
2120,VAT Payable - Reverse Charge,Liability,,BS,Current Liabilities,Tax and VAT payable,CR,FALSE,,TRUE,VAT,TRUE,"reverse_charge,vat,vat_control",active,2025-12-17,
2125,VAT Payable - Imports (PVA),Liability,,BS,Current Liabilities,Tax and VAT payable,CR,FALSE,,TRUE,VAT,TRUE,"import_vat,vat,vat_control",active,2025-12-17,
2200,PAYE / NIC Payable,Liability,,BS,Current Liabilities,Tax and social security payable,CR,FALSE,,TRUE,PAYROLL,TRUE,"payroll,payroll_control",active,2025-12-17,
2210,Other Payroll Deductions,Liability,,BS,Current Liabilities,Tax and social security payable,CR,FALSE,,TRUE,PAYROLL,TRUE,"payroll,payroll_control",active,2025-12-17,
2220,Pension Payable,Liability,,BS,Current Liabilities,Tax and social security payable,CR,FALSE,,TRUE,PAYROLL,TRUE,"payroll,payroll_control",active,2025-12-17,
2230,Student Loan / Statutory Deductions Payable,Liability,,BS,Current Liabilities,Tax and social security payable,CR,FALSE,,FALSE,,TRUE,loan,active,2025-12-17,
2240,Benefits-in-Kind / PSA Payable,Liability,,BS,Current Liabilities,Tax and social security payable,CR,FALSE,,FALSE,,TRUE,,active,2025-12-17,
2300,Corporation Tax Payable,Liability,,BS,Current Liabilities,Corporation tax payable,CR,FALSE,,FALSE,,TRUE,"corp_tax,tax",active,2025-12-17,
2310,Corporation Tax Provision / Accrual,Liability,,BS,Current Liabilities,Corporation tax payable,CR,FALSE,,FALSE,,TRUE,"accrual,corp_tax,provision,tax",active,2025-12-17,
2350,Deferred Tax Liability,Liability,,BS,Current Liabilities,Deferred tax,CR,FALSE,,FALSE,,TRUE,"deferred_tax,tax",active,2025-12-17,
2400,Loans Payable - Current,Liability,,BS,Non-current Liabilities,Borrowings and interest,CR,FALSE,,FALSE,,TRUE,loan,active,2025-12-17,
2410,Loans Payable - Long Term,Liability,,BS,Non-current Liabilities,Borrowings and interest,CR,FALSE,,FALSE,,TRUE,loan,active,2025-12-17,
2420,Lease Liability - Current,Liability,,BS,Non-current Liabilities,Lease liabilities,CR,FALSE,,FALSE,,TRUE,lease,active,2025-12-17,
2430,Lease Liability - Long Term,Liability,,BS,Non-current Liabilities,Lease liabilities,CR,FALSE,,FALSE,,TRUE,lease,active,2025-12-17,
2440,Interest Payable,Liability,,BS,Non-current Liabilities,Borrowings and interest,CR,FALSE,,FALSE,,TRUE,,active,2025-12-17,
2450,Loan Arrangement Fees Payable,Liability,,BS,Non-current Liabilities,Borrowings and interest,CR,FALSE,,FALSE,,TRUE,loan,active,2025-12-17,
2500,Director’s Loan (Credit),Liability,,BS,Non-current Liabilities,Other payables,CR,FALSE,,FALSE,,TRUE,"director,loan",active,2025-12-17,
2600,Intercompany Payable,Liability,,BS,Non-current Liabilities,Other payables,CR,FALSE,,FALSE,,TRUE,intercompany,active,2025-12-17,
2700,Dividends Payable,Liability,,BS,Non-current Liabilities,Other payables,CR,FALSE,,FALSE,,TRUE,dividends,active,2025-12-17,
2710,Director Remuneration Payable,Liability,,BS,Non-current Liabilities,Other payables,CR,FALSE,,FALSE,,TRUE,director,active,2025-12-17,
2800,Provisions - Onerous Contracts,Liability,,BS,Non-current Liabilities,Provisions,CR,FALSE,,FALSE,,TRUE,provision,active,2025-12-17,
2810,Provisions - Warranties,Liability,,BS,Non-current Liabilities,Provisions,CR,FALSE,,FALSE,,TRUE,provision,active,2025-12-17,
2820,Provisions - Legal / Disputes,Liability,,BS,Non-current Liabilities,Provisions,CR,FALSE,,FALSE,,TRUE,provision,active,2025-12-17,
2830,Provisions - Other,Liability,,BS,Non-current Liabilities,Provisions,CR,FALSE,,FALSE,,TRUE,provision,active,2025-12-17,
2900,Suspense / Clearing (Liability),Liability,,BS,Non-current Liabilities,Other payables,CR,FALSE,,FALSE,,TRUE,clearing,active,2025-12-17,
2910,Unallocated Receipts / Allocation Clearing,Liability,,BS,Non-current Liabilities,Other payables,CR,FALSE,,FALSE,,TRUE,clearing,active,2025-12-17,
3000,Share Capital,Equity,,BS,Equity,Equity,CR,FALSE,,FALSE,,TRUE,,active,2025-12-17,
3100,Share Premium,Equity,,BS,Equity,Equity,CR,FALSE,,FALSE,,TRUE,,active,2025-12-17,
3200,Retained Earnings (Brought Forward),Equity,,BS,Equity,Equity,CR,FALSE,,FALSE,,TRUE,,active,2025-12-17,
3300,Current Year Profit/Loss,Equity,,BS,Equity,Equity,CR,FALSE,,FALSE,,TRUE,,active,2025-12-17,
3400,Dividends / Drawings,Equity,,BS,Equity,Equity,CR,FALSE,,FALSE,,TRUE,dividends,active,2025-12-17,
3500,Capital Introduced,Equity,,BS,Equity,Equity,CR,FALSE,,FALSE,,TRUE,,active,2025-12-17,
3600,Revaluation Reserve,Equity,,BS,Equity,Equity,CR,FALSE,,FALSE,,TRUE,,active,2025-12-17,
3610,Foreign Currency Translation Reserve,Equity,,BS,Equity,Equity,CR,FALSE,,FALSE,,TRUE,fx,active,2025-12-17,
3620,Share-based Payment Reserve,Equity,,BS,Equity,Equity,CR,FALSE,,FALSE,,TRUE,,active,2025-12-17,
3630,Other Reserves,Equity,,BS,Equity,Equity,CR,FALSE,,FALSE,,TRUE,,active,2025-12-17,
3900,Prior Year Adjustments,Equity,,BS,Equity,Equity,CR,FALSE,,FALSE,,TRUE,,active,2025-12-17,
4000,Sales - Services,Income,,PL,Revenue,Revenue,CR,FALSE,,FALSE,,TRUE,revenue,active,2025-12-17,
4010,Sales - Products,Income,,PL,Revenue,Revenue,CR,FALSE,,FALSE,,TRUE,revenue,active,2025-12-17,
4020,Sales - Installation / Labour,Income,,PL,Revenue,Revenue,CR,FALSE,,FALSE,,TRUE,revenue,active,2025-12-17,
4030,Sales - Consultancy,Income,,PL,Revenue,Revenue,CR,FALSE,,FALSE,,TRUE,revenue,active,2025-12-17,
4040,Sales - Maintenance,Income,,PL,Revenue,Revenue,CR,FALSE,,FALSE,,TRUE,revenue,active,2025-12-17,
4050,Sales - Shipping / Delivery Charged,Income,,PL,Revenue,Revenue,CR,FALSE,,FALSE,,TRUE,revenue,active,2025-12-17,
4060,Sales - Grants / Subsidy Income,Income,,PL,Revenue,Revenue,CR,FALSE,,FALSE,,TRUE,revenue,active,2025-12-17,
4070,Sales - Other,Income,,PL,Revenue,Revenue,CR,FALSE,,FALSE,,TRUE,revenue,active,2025-12-17,
4080,Sales Returns,Income,,PL,Revenue,Revenue,DR,TRUE,4000,FALSE,,TRUE,"revenue,revenue_contra",active,2025-12-17,
4085,Sales Discounts,Income,,PL,Revenue,Revenue,DR,TRUE,4000,FALSE,,TRUE,"revenue,revenue_contra",active,2025-12-17,
4090,Sales Discounts / Returns,Income,,PL,Revenue,Revenue,DR,TRUE,4000,FALSE,,TRUE,"revenue,revenue_contra",active,2025-12-17,
4200,Other Income - Commission,Income,,PL,Revenue,Revenue,CR,FALSE,,FALSE,,TRUE,revenue,active,2025-12-17,
4210,Other Income - Interest Received,Income,,PL,Revenue,Revenue,CR,FALSE,,FALSE,,TRUE,revenue,active,2025-12-17,
4220,Other Income - Refunds,Income,,PL,Revenue,Revenue,CR,FALSE,,FALSE,,TRUE,revenue,active,2025-12-17,
4230,Other Income - Miscellaneous,Income,,PL,Revenue,Revenue,CR,FALSE,,FALSE,,TRUE,revenue,active,2025-12-17,
4300,Sales - Category 01,Income,,PL,Revenue,Revenue,CR,FALSE,,FALSE,,TRUE,revenue,active,2025-12-17,
4301,Sales - Category 02,Income,,PL,Revenue,Revenue,CR,FALSE,,FALSE,,TRUE,revenue,active,2025-12-17,
4302,Sales - Category 03,Income,,PL,Revenue,Revenue,CR,FALSE,,FALSE,,TRUE,revenue,active,2025-12-17,
4303,Sales - Category 04,Income,,PL,Revenue,Revenue,CR,FALSE,,FALSE,,TRUE,revenue,active,2025-12-17,
4304,Sales - Category 05,Income,,PL,Revenue,Revenue,CR,FALSE,,FALSE,,TRUE,revenue,active,2025-12-17,
4305,Sales - Category 06,Income,,PL,Revenue,Revenue,CR,FALSE,,FALSE,,TRUE,revenue,active,2025-12-17,
4306,Sales - Category 07,Income,,PL,Revenue,Revenue,CR,FALSE,,FALSE,,TRUE,revenue,active,2025-12-17,
4307,Sales - Category 08,Income,,PL,Revenue,Revenue,CR,FALSE,,FALSE,,TRUE,revenue,active,2025-12-17,
4308,Sales - Category 09,Income,,PL,Revenue,Revenue,CR,FALSE,,FALSE,,TRUE,revenue,active,2025-12-17,
4309,Sales - Category 10,Income,,PL,Revenue,Revenue,CR,FALSE,,FALSE,,TRUE,revenue,active,2025-12-17,
4310,Sales - Category 11,Income,,PL,Revenue,Revenue,CR,FALSE,,FALSE,,TRUE,revenue,active,2025-12-17,
4311,Sales - Category 12,Income,,PL,Revenue,Revenue,CR,FALSE,,FALSE,,TRUE,revenue,active,2025-12-17,
4312,Sales - Category 13,Income,,PL,Revenue,Revenue,CR,FALSE,,FALSE,,TRUE,revenue,active,2025-12-17,
4313,Sales - Category 14,Income,,PL,Revenue,Revenue,CR,FALSE,,FALSE,,TRUE,revenue,active,2025-12-17,
4314,Sales - Category 15,Income,,PL,Revenue,Revenue,CR,FALSE,,FALSE,,TRUE,revenue,active,2025-12-17,
4315,Sales - Category 16,Income,,PL,Revenue,Revenue,CR,FALSE,,FALSE,,TRUE,revenue,active,2025-12-17,
4316,Sales - Category 17,Income,,PL,Revenue,Revenue,CR,FALSE,,FALSE,,TRUE,revenue,active,2025-12-17,
4317,Sales - Category 18,Income,,PL,Revenue,Revenue,CR,FALSE,,FALSE,,TRUE,revenue,active,2025-12-17,
4318,Sales - Category 19,Income,,PL,Revenue,Revenue,CR,FALSE,,FALSE,,TRUE,revenue,active,2025-12-17,
4319,Sales - Category 20,Income,,PL,Revenue,Revenue,CR,FALSE,,FALSE,,TRUE,revenue,active,2025-12-17,
4320,Sales - Category 21,Income,,PL,Revenue,Revenue,CR,FALSE,,FALSE,,TRUE,revenue,active,2025-12-17,
4321,Sales - Category 22,Income,,PL,Revenue,Revenue,CR,FALSE,,FALSE,,TRUE,revenue,active,2025-12-17,
4322,Sales - Category 23,Income,,PL,Revenue,Revenue,CR,FALSE,,FALSE,,TRUE,revenue,active,2025-12-17,
4323,Sales - Category 24,Income,,PL,Revenue,Revenue,CR,FALSE,,FALSE,,TRUE,revenue,active,2025-12-17,
4324,Sales - Category 25,Income,,PL,Revenue,Revenue,CR,FALSE,,FALSE,,TRUE,revenue,active,2025-12-17,
4325,Sales - Category 26,Income,,PL,Revenue,Revenue,CR,FALSE,,FALSE,,TRUE,revenue,active,2025-12-17,
4326,Sales - Category 27,Income,,PL,Revenue,Revenue,CR,FALSE,,FALSE,,TRUE,revenue,active,2025-12-17,
4327,Sales - Category 28,Income,,PL,Revenue,Revenue,CR,FALSE,,FALSE,,TRUE,revenue,active,2025-12-17,
4328,Sales - Category 29,Income,,PL,Revenue,Revenue,CR,FALSE,,FALSE,,TRUE,revenue,active,2025-12-17,
4329,Sales - Category 30,Income,,PL,Revenue,Revenue,CR,FALSE,,FALSE,,TRUE,revenue,active,2025-12-17,
4330,Sales - Category 31,Income,,PL,Revenue,Revenue,CR,FALSE,,FALSE,,TRUE,revenue,active,2025-12-17,
4331,Sales - Category 32,Income,,PL,Revenue,Revenue,CR,FALSE,,FALSE,,TRUE,revenue,active,2025-12-17,
4332,Sales - Category 33,Income,,PL,Revenue,Revenue,CR,FALSE,,FALSE,,TRUE,revenue,active,2025-12-17,
4333,Sales - Category 34,Income,,PL,Revenue,Revenue,CR,FALSE,,FALSE,,TRUE,revenue,active,2025-12-17,
4334,Sales - Category 35,Income,,PL,Revenue,Revenue,CR,FALSE,,FALSE,,TRUE,revenue,active,2025-12-17,
4335,Sales - Category 36,Income,,PL,Revenue,Revenue,CR,FALSE,,FALSE,,TRUE,revenue,active,2025-12-17,
4336,Sales - Category 37,Income,,PL,Revenue,Revenue,CR,FALSE,,FALSE,,TRUE,revenue,active,2025-12-17,
4337,Sales - Category 38,Income,,PL,Revenue,Revenue,CR,FALSE,,FALSE,,TRUE,revenue,active,2025-12-17,
4338,Sales - Category 39,Income,,PL,Revenue,Revenue,CR,FALSE,,FALSE,,TRUE,revenue,active,2025-12-17,
4339,Sales - Category 40,Income,,PL,Revenue,Revenue,CR,FALSE,,FALSE,,TRUE,revenue,active,2025-12-17,
4340,Sales - Category 41,Income,,PL,Revenue,Revenue,CR,FALSE,,FALSE,,TRUE,revenue,active,2025-12-17,
4341,Sales - Category 42,Income,,PL,Revenue,Revenue,CR,FALSE,,FALSE,,TRUE,revenue,active,2025-12-17,
4342,Sales - Category 43,Income,,PL,Revenue,Revenue,CR,FALSE,,FALSE,,TRUE,revenue,active,2025-12-17,
4343,Sales - Category 44,Income,,PL,Revenue,Revenue,CR,FALSE,,FALSE,,TRUE,revenue,active,2025-12-17,
4344,Sales - Category 45,Income,,PL,Revenue,Revenue,CR,FALSE,,FALSE,,TRUE,revenue,active,2025-12-17,
4345,Sales - Category 46,Income,,PL,Revenue,Revenue,CR,FALSE,,FALSE,,TRUE,revenue,active,2025-12-17,
4346,Sales - Category 47,Income,,PL,Revenue,Revenue,CR,FALSE,,FALSE,,TRUE,revenue,active,2025-12-17,
4347,Sales - Category 48,Income,,PL,Revenue,Revenue,CR,FALSE,,FALSE,,TRUE,revenue,active,2025-12-17,
4348,Sales - Category 49,Income,,PL,Revenue,Revenue,CR,FALSE,,FALSE,,TRUE,revenue,active,2025-12-17,
4349,Sales - Category 50,Income,,PL,Revenue,Revenue,CR,FALSE,,FALSE,,TRUE,revenue,active,2025-12-17,
4350,Sales - Category 51,Income,,PL,Revenue,Revenue,CR,FALSE,,FALSE,,TRUE,revenue,active,2025-12-17,
4351,Sales - Category 52,Income,,PL,Revenue,Revenue,CR,FALSE,,FALSE,,TRUE,revenue,active,2025-12-17,
4352,Sales - Category 53,Income,,PL,Revenue,Revenue,CR,FALSE,,FALSE,,TRUE,revenue,active,2025-12-17,
4353,Sales - Category 54,Income,,PL,Revenue,Revenue,CR,FALSE,,FALSE,,TRUE,revenue,active,2025-12-17,
4354,Sales - Category 55,Income,,PL,Revenue,Revenue,CR,FALSE,,FALSE,,TRUE,revenue,active,2025-12-17,
4355,Sales - Category 56,Income,,PL,Revenue,Revenue,CR,FALSE,,FALSE,,TRUE,revenue,active,2025-12-17,
4356,Sales - Category 57,Income,,PL,Revenue,Revenue,CR,FALSE,,FALSE,,TRUE,revenue,active,2025-12-17,
4357,Sales - Category 58,Income,,PL,Revenue,Revenue,CR,FALSE,,FALSE,,TRUE,revenue,active,2025-12-17,
4358,Sales - Category 59,Income,,PL,Revenue,Revenue,CR,FALSE,,FALSE,,TRUE,revenue,active,2025-12-17,
4359,Sales - Category 60,Income,,PL,Revenue,Revenue,CR,FALSE,,FALSE,,TRUE,revenue,active,2025-12-17,
4360,Sales - Category 61,Income,,PL,Revenue,Revenue,CR,FALSE,,FALSE,,TRUE,revenue,active,2025-12-17,
4361,Sales - Category 62,Income,,PL,Revenue,Revenue,CR,FALSE,,FALSE,,TRUE,revenue,active,2025-12-17,
4362,Sales - Category 63,Income,,PL,Revenue,Revenue,CR,FALSE,,FALSE,,TRUE,revenue,active,2025-12-17,
4363,Sales - Category 64,Income,,PL,Revenue,Revenue,CR,FALSE,,FALSE,,TRUE,revenue,active,2025-12-17,
4364,Sales - Category 65,Income,,PL,Revenue,Revenue,CR,FALSE,,FALSE,,TRUE,revenue,active,2025-12-17,
4365,Sales - Category 66,Income,,PL,Revenue,Revenue,CR,FALSE,,FALSE,,TRUE,revenue,active,2025-12-17,
4366,Sales - Category 67,Income,,PL,Revenue,Revenue,CR,FALSE,,FALSE,,TRUE,revenue,active,2025-12-17,
4367,Sales - Category 68,Income,,PL,Revenue,Revenue,CR,FALSE,,FALSE,,TRUE,revenue,active,2025-12-17,
4368,Sales - Category 69,Income,,PL,Revenue,Revenue,CR,FALSE,,FALSE,,TRUE,revenue,active,2025-12-17,
4369,Sales - Category 70,Income,,PL,Revenue,Revenue,CR,FALSE,,FALSE,,TRUE,revenue,active,2025-12-17,
4370,Sales - Category 71,Income,,PL,Revenue,Revenue,CR,FALSE,,FALSE,,TRUE,revenue,active,2025-12-17,
4371,Sales - Category 72,Income,,PL,Revenue,Revenue,CR,FALSE,,FALSE,,TRUE,revenue,active,2025-12-17,
4372,Sales - Category 73,Income,,PL,Revenue,Revenue,CR,FALSE,,FALSE,,TRUE,revenue,active,2025-12-17,
4373,Sales - Category 74,Income,,PL,Revenue,Revenue,CR,FALSE,,FALSE,,TRUE,revenue,active,2025-12-17,
4374,Sales - Category 75,Income,,PL,Revenue,Revenue,CR,FALSE,,FALSE,,TRUE,revenue,active,2025-12-17,
4375,Sales - Category 76,Income,,PL,Revenue,Revenue,CR,FALSE,,FALSE,,TRUE,revenue,active,2025-12-17,
4376,Sales - Category 77,Income,,PL,Revenue,Revenue,CR,FALSE,,FALSE,,TRUE,revenue,active,2025-12-17,
4377,Sales - Category 78,Income,,PL,Revenue,Revenue,CR,FALSE,,FALSE,,TRUE,revenue,active,2025-12-17,
4378,Sales - Category 79,Income,,PL,Revenue,Revenue,CR,FALSE,,FALSE,,TRUE,revenue,active,2025-12-17,
4379,Sales - Category 80,Income,,PL,Revenue,Revenue,CR,FALSE,,FALSE,,TRUE,revenue,active,2025-12-17,
4380,Sales - Category 81,Income,,PL,Revenue,Revenue,CR,FALSE,,FALSE,,TRUE,revenue,active,2025-12-17,
4381,Sales - Category 82,Income,,PL,Revenue,Revenue,CR,FALSE,,FALSE,,TRUE,revenue,active,2025-12-17,
4382,Sales - Category 83,Income,,PL,Revenue,Revenue,CR,FALSE,,FALSE,,TRUE,revenue,active,2025-12-17,
4383,Sales - Category 84,Income,,PL,Revenue,Revenue,CR,FALSE,,FALSE,,TRUE,revenue,active,2025-12-17,
4384,Sales - Category 85,Income,,PL,Revenue,Revenue,CR,FALSE,,FALSE,,TRUE,revenue,active,2025-12-17,
4385,Sales - Category 86,Income,,PL,Revenue,Revenue,CR,FALSE,,FALSE,,TRUE,revenue,active,2025-12-17,
4386,Sales - Category 87,Income,,PL,Revenue,Revenue,CR,FALSE,,FALSE,,TRUE,revenue,active,2025-12-17,
4387,Sales - Category 88,Income,,PL,Revenue,Revenue,CR,FALSE,,FALSE,,TRUE,revenue,active,2025-12-17,
4388,Sales - Category 89,Income,,PL,Revenue,Revenue,CR,FALSE,,FALSE,,TRUE,revenue,active,2025-12-17,
4389,Sales - Category 90,Income,,PL,Revenue,Revenue,CR,FALSE,,FALSE,,TRUE,revenue,active,2025-12-17,
4390,Sales - Category 91,Income,,PL,Revenue,Revenue,CR,FALSE,,FALSE,,TRUE,revenue,active,2025-12-17,
4391,Sales - Category 92,Income,,PL,Revenue,Revenue,CR,FALSE,,FALSE,,TRUE,revenue,active,2025-12-17,
4392,Sales - Category 93,Income,,PL,Revenue,Revenue,CR,FALSE,,FALSE,,TRUE,revenue,active,2025-12-17,
4393,Sales - Category 94,Income,,PL,Revenue,Revenue,CR,FALSE,,FALSE,,TRUE,revenue,active,2025-12-17,
4394,Sales - Category 95,Income,,PL,Revenue,Revenue,CR,FALSE,,FALSE,,TRUE,revenue,active,2025-12-17,
4395,Sales - Category 96,Income,,PL,Revenue,Revenue,CR,FALSE,,FALSE,,TRUE,revenue,active,2025-12-17,
4396,Sales - Category 97,Income,,PL,Revenue,Revenue,CR,FALSE,,FALSE,,TRUE,revenue,active,2025-12-17,
4397,Sales - Category 98,Income,,PL,Revenue,Revenue,CR,FALSE,,FALSE,,TRUE,revenue,active,2025-12-17,
4398,Sales - Category 99,Income,,PL,Revenue,Revenue,CR,FALSE,,FALSE,,TRUE,revenue,active,2025-12-17,
4399,Sales - Category 100,Income,,PL,Revenue,Revenue,CR,FALSE,,FALSE,,TRUE,revenue,active,2025-12-17,
5000,Cost of Sales - Materials,Expense,,PL,Cost of sales,Cost of sales,DR,FALSE,,FALSE,,TRUE,cos,active,2025-12-17,
5010,Cost of Sales - Subcontractors,Expense,,PL,Cost of sales,Cost of sales,DR,FALSE,,FALSE,,TRUE,cos,active,2025-12-17,
5020,Cost of Sales - Direct Labour,Expense,,PL,Cost of sales,Cost of sales,DR,FALSE,,FALSE,,TRUE,cos,active,2025-12-17,
5030,Cost of Sales - Freight / Shipping,Expense,,PL,Cost of sales,Cost of sales,DR,FALSE,,FALSE,,TRUE,cos,active,2025-12-17,
5040,Cost of Sales - Other Direct Costs,Expense,,PL,Cost of sales,Cost of sales,DR,FALSE,,FALSE,,TRUE,cos,active,2025-12-17,
5050,Cost of Sales - Stock Adjustments,Expense,,PL,Cost of sales,Cost of sales,DR,FALSE,,FALSE,,TRUE,"cos,inventory",active,2025-12-17,
5060,Cost of Sales - Stock Write-down / Obsolescence,Expense,,PL,Cost of sales,Cost of sales,DR,FALSE,,FALSE,,TRUE,"cos,inventory",active,2025-12-17,
5070,Cost of Sales - Purchase Price Variance,Expense,,PL,Cost of sales,Cost of sales,DR,FALSE,,FALSE,,TRUE,cos,active,2025-12-17,
6000,Advertising & Marketing,Expense,,PL,Administrative expenses,Administrative expenses,DR,FALSE,,FALSE,,TRUE,opex,active,2025-12-17,
6010,Website / Hosting / Domains,Expense,,PL,Administrative expenses,Administrative expenses,DR,FALSE,,FALSE,,TRUE,opex,active,2025-12-17,
6020,Software Subscriptions,Expense,,PL,Administrative expenses,Administrative expenses,DR,FALSE,,FALSE,,TRUE,opex,active,2025-12-17,
6030,Telephone & Internet,Expense,,PL,Administrative expenses,Administrative expenses,DR,FALSE,,FALSE,,TRUE,opex,active,2025-12-17,
6040,Postage & Courier,Expense,,PL,Administrative expenses,Administrative expenses,DR,FALSE,,FALSE,,TRUE,opex,active,2025-12-17,
6050,Printing & Stationery,Expense,,PL,Administrative expenses,Administrative expenses,DR,FALSE,,FALSE,,TRUE,opex,active,2025-12-17,
6060,Professional Fees - Accountancy,Expense,,PL,Administrative expenses,Administrative expenses,DR,FALSE,,FALSE,,TRUE,opex,active,2025-12-17,
6070,Professional Fees - Legal,Expense,,PL,Administrative expenses,Administrative expenses,DR,FALSE,,FALSE,,TRUE,opex,active,2025-12-17,
6080,Professional Fees - Consultancy,Expense,,PL,Administrative expenses,Administrative expenses,DR,FALSE,,FALSE,,TRUE,opex,active,2025-12-17,
6090,Bank Charges,Expense,,PL,Administrative expenses,Administrative expenses,DR,FALSE,,FALSE,,TRUE,opex,active,2025-12-17,
6095,Merchant Fees,Expense,,PL,Administrative expenses,Administrative expenses,DR,FALSE,,FALSE,,TRUE,"merchant_fee,opex",active,2025-12-17,
6096,Foreign Exchange Fees,Expense,,PL,Administrative expenses,Administrative expenses,DR,FALSE,,FALSE,,TRUE,"fx,opex",active,2025-12-17,
6100,Insurance,Expense,,PL,Administrative expenses,Administrative expenses,DR,FALSE,,FALSE,,TRUE,opex,active,2025-12-17,
6110,Rent,Expense,,PL,Administrative expenses,Administrative expenses,DR,FALSE,,FALSE,,TRUE,opex,active,2025-12-17,
6120,Utilities,Expense,,PL,Administrative expenses,Administrative expenses,DR,FALSE,,FALSE,,TRUE,opex,active,2025-12-17,
6130,Repairs & Maintenance,Expense,,PL,Administrative expenses,Administrative expenses,DR,FALSE,,FALSE,,TRUE,opex,active,2025-12-17,
6140,Vehicle Fuel,Expense,,PL,Administrative expenses,Administrative expenses,DR,FALSE,,FALSE,,TRUE,opex,active,2025-12-17,
6150,Vehicle Maintenance,Expense,,PL,Administrative expenses,Administrative expenses,DR,FALSE,,FALSE,,TRUE,opex,active,2025-12-17,
6160,Vehicle Insurance / Tax,Expense,,PL,Administrative expenses,Administrative expenses,DR,FALSE,,FALSE,,TRUE,opex,active,2025-12-17,
6170,Travel & Accommodation,Expense,,PL,Administrative expenses,Administrative expenses,DR,FALSE,,FALSE,,TRUE,opex,active,2025-12-17,
6180,Meals (Business),Expense,,PL,Administrative expenses,Administrative expenses,DR,FALSE,,FALSE,,TRUE,opex,active,2025-12-17,
6190,Training & Courses,Expense,,PL,Administrative expenses,Administrative expenses,DR,FALSE,,FALSE,,TRUE,opex,active,2025-12-17,
6200,Wages & Salaries,Expense,,PL,Administrative expenses,Administrative expenses,DR,FALSE,,FALSE,,TRUE,"opex,payroll",active,2025-12-17,
6210,Employer NIC,Expense,,PL,Administrative expenses,Administrative expenses,DR,FALSE,,FALSE,,TRUE,"opex,payroll",active,2025-12-17,
6220,Pension Contributions (Employer),Expense,,PL,Administrative expenses,Administrative expenses,DR,FALSE,,FALSE,,TRUE,"opex,payroll",active,2025-12-17,
6230,Staff Benefits,Expense,,PL,Administrative expenses,Administrative expenses,DR,FALSE,,FALSE,,TRUE,opex,active,2025-12-17,
6240,Recruitment Costs,Expense,,PL,Administrative expenses,Administrative expenses,DR,FALSE,,FALSE,,TRUE,opex,active,2025-12-17,
6250,Office Supplies,Expense,,PL,Administrative expenses,Administrative expenses,DR,FALSE,,FALSE,,TRUE,opex,active,2025-12-17,
6260,Equipment - Small Tools,Expense,,PL,Administrative expenses,Administrative expenses,DR,FALSE,,FALSE,,TRUE,opex,active,2025-12-17,
6270,Depreciation,Expense,,PL,Administrative expenses,Administrative expenses,DR,FALSE,,FALSE,,TRUE,"depreciation,opex",active,2025-12-17,
6280,Amortisation,Expense,,PL,Administrative expenses,Administrative expenses,DR,FALSE,,FALSE,,TRUE,"amortisation,opex",active,2025-12-17,
6290,Bad Debts,Expense,,PL,Administrative expenses,Administrative expenses,DR,FALSE,,FALSE,,TRUE,"bad_debt,opex",active,2025-12-17,
6300,Donations,Expense,,PL,Administrative expenses,Administrative expenses,DR,FALSE,,FALSE,,TRUE,opex,active,2025-12-17,
6310,Subscriptions & Memberships,Expense,,PL,Administrative expenses,Administrative expenses,DR,FALSE,,FALSE,,TRUE,opex,active,2025-12-17,
6320,Health & Safety,Expense,,PL,Administrative expenses,Administrative expenses,DR,FALSE,,FALSE,,TRUE,opex,active,2025-12-17,
6330,PPE / Protective Clothing,Expense,,PL,Administrative expenses,Administrative expenses,DR,FALSE,,FALSE,,TRUE,opex,active,2025-12-17,
6340,Storage / Warehouse,Expense,,PL,Administrative expenses,Administrative expenses,DR,FALSE,,FALSE,,TRUE,opex,active,2025-12-17,
6350,IT Hardware,Expense,,PL,Administrative expenses,Administrative expenses,DR,FALSE,,FALSE,,TRUE,opex,active,2025-12-17,
6360,Cleaning,Expense,,PL,Administrative expenses,Administrative expenses,DR,FALSE,,FALSE,,TRUE,opex,active,2025-12-17,
6370,Security,Expense,,PL,Administrative expenses,Administrative expenses,DR,FALSE,,FALSE,,TRUE,opex,active,2025-12-17,
6380,Licences & Permits,Expense,,PL,Administrative expenses,Administrative expenses,DR,FALSE,,FALSE,,TRUE,opex,active,2025-12-17,
6390,Sundry Expenses,Expense,,PL,Administrative expenses,Administrative expenses,DR,FALSE,,FALSE,,TRUE,opex,active,2025-12-17,
6400,Expense - Reserved 6400,Expense,,PL,Administrative expenses,Administrative expenses,DR,FALSE,,FALSE,,FALSE,opex,active,2025-12-17,
6401,Expense - Reserved 6401,Expense,,PL,Administrative expenses,Administrative expenses,DR,FALSE,,FALSE,,FALSE,opex,active,2025-12-17,
6402,Expense - Reserved 6402,Expense,,PL,Administrative expenses,Administrative expenses,DR,FALSE,,FALSE,,FALSE,opex,active,2025-12-17,
6403,Expense - Reserved 6403,Expense,,PL,Administrative expenses,Administrative expenses,DR,FALSE,,FALSE,,FALSE,opex,active,2025-12-17,
6404,Expense - Reserved 6404,Expense,,PL,Administrative expenses,Administrative expenses,DR,FALSE,,FALSE,,FALSE,opex,active,2025-12-17,
6405,Expense - Reserved 6405,Expense,,PL,Administrative expenses,Administrative expenses,DR,FALSE,,FALSE,,FALSE,opex,active,2025-12-17,
6406,Expense - Reserved 6406,Expense,,PL,Administrative expenses,Administrative expenses,DR,FALSE,,FALSE,,FALSE,opex,active,2025-12-17,
6407,Expense - Reserved 6407,Expense,,PL,Administrative expenses,Administrative expenses,DR,FALSE,,FALSE,,FALSE,opex,active,2025-12-17,
6408,Expense - Reserved 6408,Expense,,PL,Administrative expenses,Administrative expenses,DR,FALSE,,FALSE,,FALSE,opex,active,2025-12-17,
6409,Expense - Reserved 6409,Expense,,PL,Administrative expenses,Administrative expenses,DR,FALSE,,FALSE,,FALSE,opex,active,2025-12-17,
6410,Expense - Reserved 6410,Expense,,PL,Administrative expenses,Administrative expenses,DR,FALSE,,FALSE,,FALSE,opex,active,2025-12-17,
6411,Expense - Reserved 6411,Expense,,PL,Administrative expenses,Administrative expenses,DR,FALSE,,FALSE,,FALSE,opex,active,2025-12-17,
6412,Expense - Reserved 6412,Expense,,PL,Administrative expenses,Administrative expenses,DR,FALSE,,FALSE,,FALSE,opex,active,2025-12-17,
6413,Expense - Reserved 6413,Expense,,PL,Administrative expenses,Administrative expenses,DR,FALSE,,FALSE,,FALSE,opex,active,2025-12-17,
6414,Expense - Reserved 6414,Expense,,PL,Administrative expenses,Administrative expenses,DR,FALSE,,FALSE,,FALSE,opex,active,2025-12-17,
6415,Expense - Reserved 6415,Expense,,PL,Administrative expenses,Administrative expenses,DR,FALSE,,FALSE,,FALSE,opex,active,2025-12-17,
6416,Expense - Reserved 6416,Expense,,PL,Administrative expenses,Administrative expenses,DR,FALSE,,FALSE,,FALSE,opex,active,2025-12-17,
6417,Expense - Reserved 6417,Expense,,PL,Administrative expenses,Administrative expenses,DR,FALSE,,FALSE,,FALSE,opex,active,2025-12-17,
6418,Expense - Reserved 6418,Expense,,PL,Administrative expenses,Administrative expenses,DR,FALSE,,FALSE,,FALSE,opex,active,2025-12-17,
6419,Expense - Reserved 6419,Expense,,PL,Administrative expenses,Administrative expenses,DR,FALSE,,FALSE,,FALSE,opex,active,2025-12-17,
6420,Expense - Reserved 6420,Expense,,PL,Administrative expenses,Administrative expenses,DR,FALSE,,FALSE,,FALSE,opex,active,2025-12-17,
6421,Expense - Reserved 6421,Expense,,PL,Administrative expenses,Administrative expenses,DR,FALSE,,FALSE,,FALSE,opex,active,2025-12-17,
6422,Expense - Reserved 6422,Expense,,PL,Administrative expenses,Administrative expenses,DR,FALSE,,FALSE,,FALSE,opex,active,2025-12-17,
6423,Expense - Reserved 6423,Expense,,PL,Administrative expenses,Administrative expenses,DR,FALSE,,FALSE,,FALSE,opex,active,2025-12-17,
6424,Expense - Reserved 6424,Expense,,PL,Administrative expenses,Administrative expenses,DR,FALSE,,FALSE,,FALSE,opex,active,2025-12-17,
6425,Expense - Reserved 6425,Expense,,PL,Administrative expenses,Administrative expenses,DR,FALSE,,FALSE,,FALSE,opex,active,2025-12-17,
6426,Expense - Reserved 6426,Expense,,PL,Administrative expenses,Administrative expenses,DR,FALSE,,FALSE,,FALSE,opex,active,2025-12-17,
6427,Expense - Reserved 6427,Expense,,PL,Administrative expenses,Administrative expenses,DR,FALSE,,FALSE,,FALSE,opex,active,2025-12-17,
6428,Expense - Reserved 6428,Expense,,PL,Administrative expenses,Administrative expenses,DR,FALSE,,FALSE,,FALSE,opex,active,2025-12-17,
6429,Expense - Reserved 6429,Expense,,PL,Administrative expenses,Administrative expenses,DR,FALSE,,FALSE,,FALSE,opex,active,2025-12-17,
6430,Expense - Reserved 6430,Expense,,PL,Administrative expenses,Administrative expenses,DR,FALSE,,FALSE,,FALSE,opex,active,2025-12-17,
6431,Expense - Reserved 6431,Expense,,PL,Administrative expenses,Administrative expenses,DR,FALSE,,FALSE,,FALSE,opex,active,2025-12-17,
6432,Expense - Reserved 6432,Expense,,PL,Administrative expenses,Administrative expenses,DR,FALSE,,FALSE,,FALSE,opex,active,2025-12-17,
6433,Expense - Reserved 6433,Expense,,PL,Administrative expenses,Administrative expenses,DR,FALSE,,FALSE,,FALSE,opex,active,2025-12-17,
6434,Expense - Reserved 6434,Expense,,PL,Administrative expenses,Administrative expenses,DR,FALSE,,FALSE,,FALSE,opex,active,2025-12-17,
6435,Expense - Reserved 6435,Expense,,PL,Administrative expenses,Administrative expenses,DR,FALSE,,FALSE,,FALSE,opex,active,2025-12-17,
6436,Expense - Reserved 6436,Expense,,PL,Administrative expenses,Administrative expenses,DR,FALSE,,FALSE,,FALSE,opex,active,2025-12-17,
6437,Expense - Reserved 6437,Expense,,PL,Administrative expenses,Administrative expenses,DR,FALSE,,FALSE,,FALSE,opex,active,2025-12-17,
6438,Expense - Reserved 6438,Expense,,PL,Administrative expenses,Administrative expenses,DR,FALSE,,FALSE,,FALSE,opex,active,2025-12-17,
6439,Expense - Reserved 6439,Expense,,PL,Administrative expenses,Administrative expenses,DR,FALSE,,FALSE,,FALSE,opex,active,2025-12-17,
6440,Expense - Reserved 6440,Expense,,PL,Administrative expenses,Administrative expenses,DR,FALSE,,FALSE,,FALSE,opex,active,2025-12-17,
6441,Expense - Reserved 6441,Expense,,PL,Administrative expenses,Administrative expenses,DR,FALSE,,FALSE,,FALSE,opex,active,2025-12-17,
6442,Expense - Reserved 6442,Expense,,PL,Administrative expenses,Administrative expenses,DR,FALSE,,FALSE,,FALSE,opex,active,2025-12-17,
6443,Expense - Reserved 6443,Expense,,PL,Administrative expenses,Administrative expenses,DR,FALSE,,FALSE,,FALSE,opex,active,2025-12-17,
6444,Expense - Reserved 6444,Expense,,PL,Administrative expenses,Administrative expenses,DR,FALSE,,FALSE,,FALSE,opex,active,2025-12-17,
6445,Expense - Reserved 6445,Expense,,PL,Administrative expenses,Administrative expenses,DR,FALSE,,FALSE,,FALSE,opex,active,2025-12-17,
6446,Expense - Reserved 6446,Expense,,PL,Administrative expenses,Administrative expenses,DR,FALSE,,FALSE,,FALSE,opex,active,2025-12-17,
6447,Expense - Reserved 6447,Expense,,PL,Administrative expenses,Administrative expenses,DR,FALSE,,FALSE,,FALSE,opex,active,2025-12-17,
6448,Expense - Reserved 6448,Expense,,PL,Administrative expenses,Administrative expenses,DR,FALSE,,FALSE,,FALSE,opex,active,2025-12-17,
6449,Expense - Reserved 6449,Expense,,PL,Administrative expenses,Administrative expenses,DR,FALSE,,FALSE,,FALSE,opex,active,2025-12-17,
6450,Expense - Reserved 6450,Expense,,PL,Administrative expenses,Administrative expenses,DR,FALSE,,FALSE,,FALSE,opex,active,2025-12-17,
6451,Expense - Reserved 6451,Expense,,PL,Administrative expenses,Administrative expenses,DR,FALSE,,FALSE,,FALSE,opex,active,2025-12-17,
6452,Expense - Reserved 6452,Expense,,PL,Administrative expenses,Administrative expenses,DR,FALSE,,FALSE,,FALSE,opex,active,2025-12-17,
6453,Expense - Reserved 6453,Expense,,PL,Administrative expenses,Administrative expenses,DR,FALSE,,FALSE,,FALSE,opex,active,2025-12-17,
6454,Expense - Reserved 6454,Expense,,PL,Administrative expenses,Administrative expenses,DR,FALSE,,FALSE,,FALSE,opex,active,2025-12-17,
6455,Expense - Reserved 6455,Expense,,PL,Administrative expenses,Administrative expenses,DR,FALSE,,FALSE,,FALSE,opex,active,2025-12-17,
6456,Expense - Reserved 6456,Expense,,PL,Administrative expenses,Administrative expenses,DR,FALSE,,FALSE,,FALSE,opex,active,2025-12-17,
6457,Expense - Reserved 6457,Expense,,PL,Administrative expenses,Administrative expenses,DR,FALSE,,FALSE,,FALSE,opex,active,2025-12-17,
6458,Expense - Reserved 6458,Expense,,PL,Administrative expenses,Administrative expenses,DR,FALSE,,FALSE,,FALSE,opex,active,2025-12-17,
6459,Expense - Reserved 6459,Expense,,PL,Administrative expenses,Administrative expenses,DR,FALSE,,FALSE,,FALSE,opex,active,2025-12-17,
6460,Expense - Reserved 6460,Expense,,PL,Administrative expenses,Administrative expenses,DR,FALSE,,FALSE,,FALSE,opex,active,2025-12-17,
6461,Expense - Reserved 6461,Expense,,PL,Administrative expenses,Administrative expenses,DR,FALSE,,FALSE,,FALSE,opex,active,2025-12-17,
6462,Expense - Reserved 6462,Expense,,PL,Administrative expenses,Administrative expenses,DR,FALSE,,FALSE,,FALSE,opex,active,2025-12-17,
6463,Expense - Reserved 6463,Expense,,PL,Administrative expenses,Administrative expenses,DR,FALSE,,FALSE,,FALSE,opex,active,2025-12-17,
6464,Expense - Reserved 6464,Expense,,PL,Administrative expenses,Administrative expenses,DR,FALSE,,FALSE,,FALSE,opex,active,2025-12-17,
6465,Expense - Reserved 6465,Expense,,PL,Administrative expenses,Administrative expenses,DR,FALSE,,FALSE,,FALSE,opex,active,2025-12-17,
6466,Expense - Reserved 6466,Expense,,PL,Administrative expenses,Administrative expenses,DR,FALSE,,FALSE,,FALSE,opex,active,2025-12-17,
6467,Expense - Reserved 6467,Expense,,PL,Administrative expenses,Administrative expenses,DR,FALSE,,FALSE,,FALSE,opex,active,2025-12-17,
6468,Expense - Reserved 6468,Expense,,PL,Administrative expenses,Administrative expenses,DR,FALSE,,FALSE,,FALSE,opex,active,2025-12-17,
6469,Expense - Reserved 6469,Expense,,PL,Administrative expenses,Administrative expenses,DR,FALSE,,FALSE,,FALSE,opex,active,2025-12-17,
6470,Expense - Reserved 6470,Expense,,PL,Administrative expenses,Administrative expenses,DR,FALSE,,FALSE,,FALSE,opex,active,2025-12-17,
6471,Expense - Reserved 6471,Expense,,PL,Administrative expenses,Administrative expenses,DR,FALSE,,FALSE,,FALSE,opex,active,2025-12-17,
6472,Expense - Reserved 6472,Expense,,PL,Administrative expenses,Administrative expenses,DR,FALSE,,FALSE,,FALSE,opex,active,2025-12-17,
6473,Expense - Reserved 6473,Expense,,PL,Administrative expenses,Administrative expenses,DR,FALSE,,FALSE,,FALSE,opex,active,2025-12-17,
6474,Expense - Reserved 6474,Expense,,PL,Administrative expenses,Administrative expenses,DR,FALSE,,FALSE,,FALSE,opex,active,2025-12-17,
6475,Expense - Reserved 6475,Expense,,PL,Administrative expenses,Administrative expenses,DR,FALSE,,FALSE,,FALSE,opex,active,2025-12-17,
6476,Expense - Reserved 6476,Expense,,PL,Administrative expenses,Administrative expenses,DR,FALSE,,FALSE,,FALSE,opex,active,2025-12-17,
6477,Expense - Reserved 6477,Expense,,PL,Administrative expenses,Administrative expenses,DR,FALSE,,FALSE,,FALSE,opex,active,2025-12-17,
6478,Expense - Reserved 6478,Expense,,PL,Administrative expenses,Administrative expenses,DR,FALSE,,FALSE,,FALSE,opex,active,2025-12-17,
6479,Expense - Reserved 6479,Expense,,PL,Administrative expenses,Administrative expenses,DR,FALSE,,FALSE,,FALSE,opex,active,2025-12-17,
6480,Expense - Reserved 6480,Expense,,PL,Administrative expenses,Administrative expenses,DR,FALSE,,FALSE,,FALSE,opex,active,2025-12-17,
6481,Expense - Reserved 6481,Expense,,PL,Administrative expenses,Administrative expenses,DR,FALSE,,FALSE,,FALSE,opex,active,2025-12-17,
6482,Expense - Reserved 6482,Expense,,PL,Administrative expenses,Administrative expenses,DR,FALSE,,FALSE,,FALSE,opex,active,2025-12-17,
6483,Expense - Reserved 6483,Expense,,PL,Administrative expenses,Administrative expenses,DR,FALSE,,FALSE,,FALSE,opex,active,2025-12-17,
6484,Expense - Reserved 6484,Expense,,PL,Administrative expenses,Administrative expenses,DR,FALSE,,FALSE,,FALSE,opex,active,2025-12-17,
6485,Expense - Reserved 6485,Expense,,PL,Administrative expenses,Administrative expenses,DR,FALSE,,FALSE,,FALSE,opex,active,2025-12-17,
6486,Expense - Reserved 6486,Expense,,PL,Administrative expenses,Administrative expenses,DR,FALSE,,FALSE,,FALSE,opex,active,2025-12-17,
6487,Expense - Reserved 6487,Expense,,PL,Administrative expenses,Administrative expenses,DR,FALSE,,FALSE,,FALSE,opex,active,2025-12-17,
6488,Expense - Reserved 6488,Expense,,PL,Administrative expenses,Administrative expenses,DR,FALSE,,FALSE,,FALSE,opex,active,2025-12-17,
6489,Expense - Reserved 6489,Expense,,PL,Administrative expenses,Administrative expenses,DR,FALSE,,FALSE,,FALSE,opex,active,2025-12-17,
6490,Expense - Reserved 6490,Expense,,PL,Administrative expenses,Administrative expenses,DR,FALSE,,FALSE,,FALSE,opex,active,2025-12-17,
6491,Expense - Reserved 6491,Expense,,PL,Administrative expenses,Administrative expenses,DR,FALSE,,FALSE,,FALSE,opex,active,2025-12-17,
6492,Expense - Reserved 6492,Expense,,PL,Administrative expenses,Administrative expenses,DR,FALSE,,FALSE,,FALSE,opex,active,2025-12-17,
6493,Expense - Reserved 6493,Expense,,PL,Administrative expenses,Administrative expenses,DR,FALSE,,FALSE,,FALSE,opex,active,2025-12-17,
6494,Expense - Reserved 6494,Expense,,PL,Administrative expenses,Administrative expenses,DR,FALSE,,FALSE,,FALSE,opex,active,2025-12-17,
6495,Expense - Reserved 6495,Expense,,PL,Administrative expenses,Administrative expenses,DR,FALSE,,FALSE,,FALSE,opex,active,2025-12-17,
6496,Expense - Reserved 6496,Expense,,PL,Administrative expenses,Administrative expenses,DR,FALSE,,FALSE,,FALSE,opex,active,2025-12-17,
6497,Expense - Reserved 6497,Expense,,PL,Administrative expenses,Administrative expenses,DR,FALSE,,FALSE,,FALSE,opex,active,2025-12-17,
6498,Expense - Reserved 6498,Expense,,PL,Administrative expenses,Administrative expenses,DR,FALSE,,FALSE,,FALSE,opex,active,2025-12-17,
6499,Expense - Reserved 6499,Expense,,PL,Administrative expenses,Administrative expenses,DR,FALSE,,FALSE,,FALSE,opex,active,2025-12-17,
6500,Expense - Reserved 6500,Expense,,PL,Administrative expenses,Administrative expenses,DR,FALSE,,FALSE,,FALSE,opex,active,2025-12-17,
6501,Expense - Reserved 6501,Expense,,PL,Administrative expenses,Administrative expenses,DR,FALSE,,FALSE,,FALSE,opex,active,2025-12-17,
6502,Expense - Reserved 6502,Expense,,PL,Administrative expenses,Administrative expenses,DR,FALSE,,FALSE,,FALSE,opex,active,2025-12-17,
6503,Expense - Reserved 6503,Expense,,PL,Administrative expenses,Administrative expenses,DR,FALSE,,FALSE,,FALSE,opex,active,2025-12-17,
6504,Expense - Reserved 6504,Expense,,PL,Administrative expenses,Administrative expenses,DR,FALSE,,FALSE,,FALSE,opex,active,2025-12-17,
6505,Expense - Reserved 6505,Expense,,PL,Administrative expenses,Administrative expenses,DR,FALSE,,FALSE,,FALSE,opex,active,2025-12-17,
6506,Expense - Reserved 6506,Expense,,PL,Administrative expenses,Administrative expenses,DR,FALSE,,FALSE,,FALSE,opex,active,2025-12-17,
6507,Expense - Reserved 6507,Expense,,PL,Administrative expenses,Administrative expenses,DR,FALSE,,FALSE,,FALSE,opex,active,2025-12-17,
6508,Expense - Reserved 6508,Expense,,PL,Administrative expenses,Administrative expenses,DR,FALSE,,FALSE,,FALSE,opex,active,2025-12-17,
6509,Expense - Reserved 6509,Expense,,PL,Administrative expenses,Administrative expenses,DR,FALSE,,FALSE,,FALSE,opex,active,2025-12-17,
6510,Expense - Reserved 6510,Expense,,PL,Administrative expenses,Administrative expenses,DR,FALSE,,FALSE,,FALSE,opex,active,2025-12-17,
6511,Expense - Reserved 6511,Expense,,PL,Administrative expenses,Administrative expenses,DR,FALSE,,FALSE,,FALSE,opex,active,2025-12-17,
6512,Expense - Reserved 6512,Expense,,PL,Administrative expenses,Administrative expenses,DR,FALSE,,FALSE,,FALSE,opex,active,2025-12-17,
6513,Expense - Reserved 6513,Expense,,PL,Administrative expenses,Administrative expenses,DR,FALSE,,FALSE,,FALSE,opex,active,2025-12-17,
6514,Expense - Reserved 6514,Expense,,PL,Administrative expenses,Administrative expenses,DR,FALSE,,FALSE,,FALSE,opex,active,2025-12-17,
6515,Expense - Reserved 6515,Expense,,PL,Administrative expenses,Administrative expenses,DR,FALSE,,FALSE,,FALSE,opex,active,2025-12-17,
6516,Expense - Reserved 6516,Expense,,PL,Administrative expenses,Administrative expenses,DR,FALSE,,FALSE,,FALSE,opex,active,2025-12-17,
6517,Expense - Reserved 6517,Expense,,PL,Administrative expenses,Administrative expenses,DR,FALSE,,FALSE,,FALSE,opex,active,2025-12-17,
6518,Expense - Reserved 6518,Expense,,PL,Administrative expenses,Administrative expenses,DR,FALSE,,FALSE,,FALSE,opex,active,2025-12-17,
6519,Expense - Reserved 6519,Expense,,PL,Administrative expenses,Administrative expenses,DR,FALSE,,FALSE,,FALSE,opex,active,2025-12-17,
6520,Expense - Reserved 6520,Expense,,PL,Administrative expenses,Administrative expenses,DR,FALSE,,FALSE,,FALSE,opex,active,2025-12-17,
6521,Expense - Reserved 6521,Expense,,PL,Administrative expenses,Administrative expenses,DR,FALSE,,FALSE,,FALSE,opex,active,2025-12-17,
6522,Expense - Reserved 6522,Expense,,PL,Administrative expenses,Administrative expenses,DR,FALSE,,FALSE,,FALSE,opex,active,2025-12-17,
6523,Expense - Reserved 6523,Expense,,PL,Administrative expenses,Administrative expenses,DR,FALSE,,FALSE,,FALSE,opex,active,2025-12-17,
6524,Expense - Reserved 6524,Expense,,PL,Administrative expenses,Administrative expenses,DR,FALSE,,FALSE,,FALSE,opex,active,2025-12-17,
6525,Expense - Reserved 6525,Expense,,PL,Administrative expenses,Administrative expenses,DR,FALSE,,FALSE,,FALSE,opex,active,2025-12-17,
6526,Expense - Reserved 6526,Expense,,PL,Administrative expenses,Administrative expenses,DR,FALSE,,FALSE,,FALSE,opex,active,2025-12-17,
6527,Expense - Reserved 6527,Expense,,PL,Administrative expenses,Administrative expenses,DR,FALSE,,FALSE,,FALSE,opex,active,2025-12-17,
6528,Expense - Reserved 6528,Expense,,PL,Administrative expenses,Administrative expenses,DR,FALSE,,FALSE,,FALSE,opex,active,2025-12-17,
6529,Expense - Reserved 6529,Expense,,PL,Administrative expenses,Administrative expenses,DR,FALSE,,FALSE,,FALSE,opex,active,2025-12-17,
6530,Expense - Reserved 6530,Expense,,PL,Administrative expenses,Administrative expenses,DR,FALSE,,FALSE,,FALSE,opex,active,2025-12-17,
6531,Expense - Reserved 6531,Expense,,PL,Administrative expenses,Administrative expenses,DR,FALSE,,FALSE,,FALSE,opex,active,2025-12-17,
6532,Expense - Reserved 6532,Expense,,PL,Administrative expenses,Administrative expenses,DR,FALSE,,FALSE,,FALSE,opex,active,2025-12-17,
6533,Expense - Reserved 6533,Expense,,PL,Administrative expenses,Administrative expenses,DR,FALSE,,FALSE,,FALSE,opex,active,2025-12-17,
6534,Expense - Reserved 6534,Expense,,PL,Administrative expenses,Administrative expenses,DR,FALSE,,FALSE,,FALSE,opex,active,2025-12-17,
6535,Expense - Reserved 6535,Expense,,PL,Administrative expenses,Administrative expenses,DR,FALSE,,FALSE,,FALSE,opex,active,2025-12-17,
6536,Expense - Reserved 6536,Expense,,PL,Administrative expenses,Administrative expenses,DR,FALSE,,FALSE,,FALSE,opex,active,2025-12-17,
6537,Expense - Reserved 6537,Expense,,PL,Administrative expenses,Administrative expenses,DR,FALSE,,FALSE,,FALSE,opex,active,2025-12-17,
6538,Expense - Reserved 6538,Expense,,PL,Administrative expenses,Administrative expenses,DR,FALSE,,FALSE,,FALSE,opex,active,2025-12-17,
6539,Expense - Reserved 6539,Expense,,PL,Administrative expenses,Administrative expenses,DR,FALSE,,FALSE,,FALSE,opex,active,2025-12-17,
6540,Expense - Reserved 6540,Expense,,PL,Administrative expenses,Administrative expenses,DR,FALSE,,FALSE,,FALSE,opex,active,2025-12-17,
6541,Expense - Reserved 6541,Expense,,PL,Administrative expenses,Administrative expenses,DR,FALSE,,FALSE,,FALSE,opex,active,2025-12-17,
6542,Expense - Reserved 6542,Expense,,PL,Administrative expenses,Administrative expenses,DR,FALSE,,FALSE,,FALSE,opex,active,2025-12-17,
6543,Expense - Reserved 6543,Expense,,PL,Administrative expenses,Administrative expenses,DR,FALSE,,FALSE,,FALSE,opex,active,2025-12-17,
6544,Expense - Reserved 6544,Expense,,PL,Administrative expenses,Administrative expenses,DR,FALSE,,FALSE,,FALSE,opex,active,2025-12-17,
6545,Expense - Reserved 6545,Expense,,PL,Administrative expenses,Administrative expenses,DR,FALSE,,FALSE,,FALSE,opex,active,2025-12-17,
6546,Expense - Reserved 6546,Expense,,PL,Administrative expenses,Administrative expenses,DR,FALSE,,FALSE,,FALSE,opex,active,2025-12-17,
6547,Expense - Reserved 6547,Expense,,PL,Administrative expenses,Administrative expenses,DR,FALSE,,FALSE,,FALSE,opex,active,2025-12-17,
6548,Expense - Reserved 6548,Expense,,PL,Administrative expenses,Administrative expenses,DR,FALSE,,FALSE,,FALSE,opex,active,2025-12-17,
6549,Expense - Reserved 6549,Expense,,PL,Administrative expenses,Administrative expenses,DR,FALSE,,FALSE,,FALSE,opex,active,2025-12-17,
6550,Expense - Reserved 6550,Expense,,PL,Administrative expenses,Administrative expenses,DR,FALSE,,FALSE,,FALSE,opex,active,2025-12-17,
6551,Expense - Reserved 6551,Expense,,PL,Administrative expenses,Administrative expenses,DR,FALSE,,FALSE,,FALSE,opex,active,2025-12-17,
6552,Expense - Reserved 6552,Expense,,PL,Administrative expenses,Administrative expenses,DR,FALSE,,FALSE,,FALSE,opex,active,2025-12-17,
6553,Expense - Reserved 6553,Expense,,PL,Administrative expenses,Administrative expenses,DR,FALSE,,FALSE,,FALSE,opex,active,2025-12-17,
6554,Expense - Reserved 6554,Expense,,PL,Administrative expenses,Administrative expenses,DR,FALSE,,FALSE,,FALSE,opex,active,2025-12-17,
6555,Expense - Reserved 6555,Expense,,PL,Administrative expenses,Administrative expenses,DR,FALSE,,FALSE,,FALSE,opex,active,2025-12-17,
6556,Expense - Reserved 6556,Expense,,PL,Administrative expenses,Administrative expenses,DR,FALSE,,FALSE,,FALSE,opex,active,2025-12-17,
6557,Expense - Reserved 6557,Expense,,PL,Administrative expenses,Administrative expenses,DR,FALSE,,FALSE,,FALSE,opex,active,2025-12-17,
6558,Expense - Reserved 6558,Expense,,PL,Administrative expenses,Administrative expenses,DR,FALSE,,FALSE,,FALSE,opex,active,2025-12-17,
6559,Expense - Reserved 6559,Expense,,PL,Administrative expenses,Administrative expenses,DR,FALSE,,FALSE,,FALSE,opex,active,2025-12-17,
6560,Expense - Reserved 6560,Expense,,PL,Administrative expenses,Administrative expenses,DR,FALSE,,FALSE,,FALSE,opex,active,2025-12-17,
6561,Expense - Reserved 6561,Expense,,PL,Administrative expenses,Administrative expenses,DR,FALSE,,FALSE,,FALSE,opex,active,2025-12-17,
6562,Expense - Reserved 6562,Expense,,PL,Administrative expenses,Administrative expenses,DR,FALSE,,FALSE,,FALSE,opex,active,2025-12-17,
6563,Expense - Reserved 6563,Expense,,PL,Administrative expenses,Administrative expenses,DR,FALSE,,FALSE,,FALSE,opex,active,2025-12-17,
6564,Expense - Reserved 6564,Expense,,PL,Administrative expenses,Administrative expenses,DR,FALSE,,FALSE,,FALSE,opex,active,2025-12-17,
6565,Expense - Reserved 6565,Expense,,PL,Administrative expenses,Administrative expenses,DR,FALSE,,FALSE,,FALSE,opex,active,2025-12-17,
6566,Expense - Reserved 6566,Expense,,PL,Administrative expenses,Administrative expenses,DR,FALSE,,FALSE,,FALSE,opex,active,2025-12-17,
6567,Expense - Reserved 6567,Expense,,PL,Administrative expenses,Administrative expenses,DR,FALSE,,FALSE,,FALSE,opex,active,2025-12-17,
6568,Expense - Reserved 6568,Expense,,PL,Administrative expenses,Administrative expenses,DR,FALSE,,FALSE,,FALSE,opex,active,2025-12-17,
6569,Expense - Reserved 6569,Expense,,PL,Administrative expenses,Administrative expenses,DR,FALSE,,FALSE,,FALSE,opex,active,2025-12-17,
6570,Expense - Reserved 6570,Expense,,PL,Administrative expenses,Administrative expenses,DR,FALSE,,FALSE,,FALSE,opex,active,2025-12-17,
6571,Expense - Reserved 6571,Expense,,PL,Administrative expenses,Administrative expenses,DR,FALSE,,FALSE,,FALSE,opex,active,2025-12-17,
6572,Expense - Reserved 6572,Expense,,PL,Administrative expenses,Administrative expenses,DR,FALSE,,FALSE,,FALSE,opex,active,2025-12-17,
6573,Expense - Reserved 6573,Expense,,PL,Administrative expenses,Administrative expenses,DR,FALSE,,FALSE,,FALSE,opex,active,2025-12-17,
6574,Expense - Reserved 6574,Expense,,PL,Administrative expenses,Administrative expenses,DR,FALSE,,FALSE,,FALSE,opex,active,2025-12-17,
6575,Expense - Reserved 6575,Expense,,PL,Administrative expenses,Administrative expenses,DR,FALSE,,FALSE,,FALSE,opex,active,2025-12-17,
6576,Expense - Reserved 6576,Expense,,PL,Administrative expenses,Administrative expenses,DR,FALSE,,FALSE,,FALSE,opex,active,2025-12-17,
6577,Expense - Reserved 6577,Expense,,PL,Administrative expenses,Administrative expenses,DR,FALSE,,FALSE,,FALSE,opex,active,2025-12-17,
6578,Expense - Reserved 6578,Expense,,PL,Administrative expenses,Administrative expenses,DR,FALSE,,FALSE,,FALSE,opex,active,2025-12-17,
6579,Expense - Reserved 6579,Expense,,PL,Administrative expenses,Administrative expenses,DR,FALSE,,FALSE,,FALSE,opex,active,2025-12-17,
6580,Expense - Reserved 6580,Expense,,PL,Administrative expenses,Administrative expenses,DR,FALSE,,FALSE,,FALSE,opex,active,2025-12-17,
6581,Expense - Reserved 6581,Expense,,PL,Administrative expenses,Administrative expenses,DR,FALSE,,FALSE,,FALSE,opex,active,2025-12-17,
6582,Expense - Reserved 6582,Expense,,PL,Administrative expenses,Administrative expenses,DR,FALSE,,FALSE,,FALSE,opex,active,2025-12-17,
6583,Expense - Reserved 6583,Expense,,PL,Administrative expenses,Administrative expenses,DR,FALSE,,FALSE,,FALSE,opex,active,2025-12-17,
6584,Expense - Reserved 6584,Expense,,PL,Administrative expenses,Administrative expenses,DR,FALSE,,FALSE,,FALSE,opex,active,2025-12-17,
6585,Expense - Reserved 6585,Expense,,PL,Administrative expenses,Administrative expenses,DR,FALSE,,FALSE,,FALSE,opex,active,2025-12-17,
6586,Expense - Reserved 6586,Expense,,PL,Administrative expenses,Administrative expenses,DR,FALSE,,FALSE,,FALSE,opex,active,2025-12-17,
6587,Expense - Reserved 6587,Expense,,PL,Administrative expenses,Administrative expenses,DR,FALSE,,FALSE,,FALSE,opex,active,2025-12-17,
6588,Expense - Reserved 6588,Expense,,PL,Administrative expenses,Administrative expenses,DR,FALSE,,FALSE,,FALSE,opex,active,2025-12-17,
6589,Expense - Reserved 6589,Expense,,PL,Administrative expenses,Administrative expenses,DR,FALSE,,FALSE,,FALSE,opex,active,2025-12-17,
6590,Expense - Reserved 6590,Expense,,PL,Administrative expenses,Administrative expenses,DR,FALSE,,FALSE,,FALSE,opex,active,2025-12-17,
6591,Expense - Reserved 6591,Expense,,PL,Administrative expenses,Administrative expenses,DR,FALSE,,FALSE,,FALSE,opex,active,2025-12-17,
6592,Expense - Reserved 6592,Expense,,PL,Administrative expenses,Administrative expenses,DR,FALSE,,FALSE,,FALSE,opex,active,2025-12-17,
6593,Expense - Reserved 6593,Expense,,PL,Administrative expenses,Administrative expenses,DR,FALSE,,FALSE,,FALSE,opex,active,2025-12-17,
6594,Expense - Reserved 6594,Expense,,PL,Administrative expenses,Administrative expenses,DR,FALSE,,FALSE,,FALSE,opex,active,2025-12-17,
6595,Expense - Reserved 6595,Expense,,PL,Administrative expenses,Administrative expenses,DR,FALSE,,FALSE,,FALSE,opex,active,2025-12-17,
6596,Expense - Reserved 6596,Expense,,PL,Administrative expenses,Administrative expenses,DR,FALSE,,FALSE,,FALSE,opex,active,2025-12-17,
6597,Expense - Reserved 6597,Expense,,PL,Administrative expenses,Administrative expenses,DR,FALSE,,FALSE,,FALSE,opex,active,2025-12-17,
6598,Expense - Reserved 6598,Expense,,PL,Administrative expenses,Administrative expenses,DR,FALSE,,FALSE,,FALSE,opex,active,2025-12-17,
6599,Expense - Reserved 6599,Expense,,PL,Administrative expenses,Administrative expenses,DR,FALSE,,FALSE,,FALSE,opex,active,2025-12-17,
7000,Corporation Tax Expense,Expense,,PL,Tax,Taxation,DR,FALSE,,FALSE,,TRUE,"corp_tax,tax",active,2025-12-17,
7010,Deferred Tax Expense / Income,Expense,,PL,Tax,Taxation,DR,FALSE,,FALSE,,TRUE,"deferred_tax,tax",active,2025-12-17,
7020,VAT - Irrecoverable,Expense,,PL,Tax,Taxation,DR,FALSE,,TRUE,VAT,TRUE,"irrecoverable_vat,tax,vat,vat_control",active,2025-12-17,
7025,VAT - Surcharges / Penalties,Expense,,PL,Tax,Taxation,DR,FALSE,,TRUE,VAT,TRUE,"tax,vat,vat_control",active,2025-12-17,
9000,Other Expense - Interest Paid,Expense,,PL,Finance,Finance costs,DR,FALSE,,FALSE,,TRUE,"finance,other",active,2025-12-17,
9005,Other Income - Interest Received,Income,,PL,Other income,Other income,CR,FALSE,,FALSE,,TRUE,"finance,other",active,2025-12-17,
9010,Other Expense - Penalties & Fines,Expense,,PL,Other,Other operating expenses,DR,FALSE,,FALSE,,TRUE,other,active,2025-12-17,
9015,Other Income - Foreign Exchange Gains,Income,,PL,Other income,Other income,CR,FALSE,,FALSE,,TRUE,"fx,other",active,2025-12-17,
9025,Other Income - Recharges / Rechargeable Costs,Income,,PL,Other income,Other income,CR,FALSE,,FALSE,,TRUE,other,active,2025-12-17,
9030,Other Income - Commission / Referral Income,Income,,PL,Other income,Other income,CR,FALSE,,FALSE,,TRUE,other,active,2025-12-17,
9035,Other Expense - Foreign Exchange Losses,Expense,,PL,Other,Other gains and losses,DR,FALSE,,FALSE,,TRUE,"fx,other",active,2025-12-17,
9040,Other Income - Rental / Hire Income,Income,,PL,Other income,Other income,CR,FALSE,,FALSE,,TRUE,other,active,2025-12-17,
9050,Other Income - Grants (Non-trading),Income,,PL,Other income,Other income,CR,FALSE,,FALSE,,TRUE,other,active,2025-12-17,
9100,Other Income - Gain on Disposal,Income,,PL,Other income,Other income,CR,FALSE,,FALSE,,TRUE,,active,2025-12-17,
9200,Other Expense - Loss on Disposal,Expense,,PL,Administrative expenses,Administrative expenses,DR,FALSE,,FALSE,,TRUE,,active,2025-12-17,
9900,Rounding,Expense,,PL,Administrative expenses,Administrative expenses,DR,FALSE,,FALSE,,TRUE,,active,2025-12-17,
